{
  "project_info": {
    "project_number": "935030177921",
    "firebase_url": "https://register-acfcc.firebaseio.com",
    "project_id": "register-acfcc",
    "storage_bucket": "register-acfcc.appspot.com"
  },
  "client": [
    {
      "client_info": {
        "mobilesdk_app_id": "1:935030177921:android:b272c63785680883",
        "android_client_info": {
          "package_name": "com.example.administrator.firebase"
        }
      },
      "oauth_client": [
        {
          "client_id": "935030177921-b8s59bhqvqah3m19j53290qgo3vhmc46.apps.googleusercontent.com",
          "client_type": 3
        }
      ],
      "api_key": [
        {
          "current_key": "AIzaSyCeVSz1apPJ4AlFtyPjfx-B78ijqIUrrTA"
        }
      ],
      "services": {
        "analytics_service": {
          "status": 1
        },
        "appinvite_service": {
          "status": 1,
          "other_platform_oauth_client": []
        },
        "ads_service": {
          "status": 2
        }
      }
    }
  ],
  "configuration_version": "1"
}