{
  "project_info": {
    "project_number": "174943889137",
    "firebase_url": "https://designofsketch.firebaseio.com",
    "project_id": "designofsketch",
    "storage_bucket": "designofsketch.appspot.com"
  },
  "client": [
    {
      "client_info": {
        "mobilesdk_app_id": "1:174943889137:android:3617c01552633ab9",
        "android_client_info": {
          "package_name": "com.example.administrator.design_of_sketch"
        }
      },
      "oauth_client": [
        {
          "client_id": "174943889137-jfr7aar0775r9ib9a3gp57je6v8141h3.apps.googleusercontent.com",
          "client_type": 1,
          "android_info": {
            "package_name": "com.example.administrator.design_of_sketch",
            "certificate_hash": "6f558f4bef6e756698a72ae3c0bdc68e95b7863a"
          }
        },
        {
          "client_id": "174943889137-3uo2oj06fer1ckg6uru9978aqnutgk0o.apps.googleusercontent.com",
          "client_type": 3
        }
      ],
      "api_key": [
        {
          "current_key": "AIzaSyDG5uVeJDLZYb1lpH3yX4JusTi9YVPttKA"
        }
      ],
      "services": {
        "analytics_service": {
          "status": 1
        },
        "appinvite_service": {
          "status": 2,
          "other_platform_oauth_client": [
            {
              "client_id": "174943889137-3uo2oj06fer1ckg6uru9978aqnutgk0o.apps.googleusercontent.com",
              "client_type": 3
            }
          ]
        },
        "ads_service": {
          "status": 2
        }
      }
    }
  ],
  "configuration_version": "1"
}