{
  "project_info": {
    "project_number": "467980197722",
    "firebase_url": "https://mobilefirebase-6cd93.firebaseio.com",
    "project_id": "mobilefirebase-6cd93",
    "storage_bucket": "mobilefirebase-6cd93.appspot.com"
  },
  "client": [
    {
      "client_info": {
        "mobilesdk_app_id": "1:467980197722:android:8741ff51bf0aa3fd",
        "android_client_info": {
          "package_name": "com.example.administrator.mobile_firebase"
        }
      },
      "oauth_client": [
        {
          "client_id": "467980197722-l2p7gclnk2h2vinr33m55ja64nasa86u.apps.googleusercontent.com",
          "client_type": 1,
          "android_info": {
            "package_name": "com.example.administrator.mobile_firebase",
            "certificate_hash": "6f558f4bef6e756698a72ae3c0bdc68e95b7863a"
          }
        },
        {
          "client_id": "467980197722-urijvm71ofc38soaagj35ts3j793gms2.apps.googleusercontent.com",
          "client_type": 3
        }
      ],
      "api_key": [
        {
          "current_key": "AIzaSyBzHt1goTBbqwZZFO7vHr76p5fsadOcRy4"
        }
      ],
      "services": {
        "analytics_service": {
          "status": 1
        },
        "appinvite_service": {
          "status": 2,
          "other_platform_oauth_client": [
            {
              "client_id": "467980197722-urijvm71ofc38soaagj35ts3j793gms2.apps.googleusercontent.com",
              "client_type": 3
            }
          ]
        },
        "ads_service": {
          "status": 2
        }
      }
    }
  ],
  "configuration_version": "1"
}